{
    "author": "Dimok", 
    "category": "loader", 
    "description": "WiiU Homebrew Launcher", 
    "details": "Loads WiiU homebrew from SD card and from network.\n\n  \tChangelist:\n\nsupport for RPX file launching from SD and wiiload/sendelf directly through HBL\nnew elf loader (sd_loader) code with pre-installed kernel memcpy function and support to load RPX\nfixed audio clicking (thanks to aliaspider)\nNOTE:\nNew payloads (a.k.a. MP4 files on browser exploit) are required for it to be able to load RPX files. Old payloads are still compatible but will only work with ELF files.\n\n  ", 
    "license": "n/a", 
    "title": "Homebrew Launcher", 
    "url": "https://gbatemp.net/threads/homebrew-launcher-for-wiiu.416905/", 
    "version": "1.4"
}